,country_name,independent,unmember,start_of_week,official_country_name,common_native_name,currency_code,currency_name,currency_symbol,idd_root,idd_suffixes,capital,region,sub_region,langauges,area,population,continents
0,South Georgia,False,False,monday,South Georgia and the South Sandwich Islands,['South Georgia'],dict_keys(['SHP']),['Saint Helena pound'],['£'],+5,['00'],['King Edward Point'],Antarctic,,dict_values(['English']),3903.0,30,['Antarctica']
1,Grenada,True,True,monday,Grenada,['Grenada'],dict_keys(['XCD']),['Eastern Caribbean dollar'],['$'],+1,['473'],"[""St. George's""]",Americas,Caribbean,dict_values(['English']),344.0,112519,['North America']
2,Switzerland,True,True,monday,Swiss Confederation,"['Suisse', 'Schweiz', 'Svizzera', 'Svizra']",dict_keys(['CHF']),['Swiss franc'],['Fr.'],+4,['1'],['Bern'],Europe,Western Europe,"dict_values(['French', 'Swiss German', 'Italian', 'Romansh'])",41284.0,8654622,['Europe']
3,Sierra Leone,True,True,monday,Republic of Sierra Leone,['Sierra Leone'],dict_keys(['SLL']),['Sierra Leonean leone'],['Le'],+2,['32'],['Freetown'],Africa,Western Africa,dict_values(['English']),71740.0,7976985,['Africa']
4,Hungary,True,True,monday,Hungary,['Magyarország'],dict_keys(['HUF']),['Hungarian forint'],['Ft'],+3,['6'],['Budapest'],Europe,Central Europe,dict_values(['Hungarian']),93028.0,9749763,['Europe']
5,Taiwan,False,False,monday,Republic of China (Taiwan),['台灣'],dict_keys(['TWD']),['New Taiwan dollar'],['$'],+8,['86'],['Taipei'],Asia,Eastern Asia,dict_values(['Chinese']),36193.0,23503349,['Asia']
6,Wallis and Futuna,False,False,monday,Territory of the Wallis and Futuna Islands,['Wallis et Futuna'],dict_keys(['XPF']),['CFP franc'],['₣'],+6,['81'],['Mata-Utu'],Oceania,Polynesia,dict_values(['French']),142.0,11750,['Oceania']
7,Barbados,True,True,monday,Barbados,['Barbados'],dict_keys(['BBD']),['Barbadian dollar'],['$'],+1,['246'],['Bridgetown'],Americas,Caribbean,dict_values(['English']),430.0,287371,['North America']
8,Pitcairn Islands,False,False,monday,Pitcairn Group of Islands,['Pitcairn Islands'],dict_keys(['NZD']),['New Zealand dollar'],['$'],+6,['4'],['Adamstown'],Oceania,Polynesia,dict_values(['English']),47.0,56,['Oceania']
9,Ivory Coast,True,True,monday,Republic of Côte d'Ivoire,"[""Côte d'Ivoire""]",dict_keys(['XOF']),['West African CFA franc'],['Fr'],+2,['25'],['Yamoussoukro'],Africa,Western Africa,dict_values(['French']),322463.0,26378275,['Africa']
10,Tunisia,True,True,monday,Tunisian Republic,['تونس'],dict_keys(['TND']),['Tunisian dinar'],['د.ت'],+2,['16'],['Tunis'],Africa,Northern Africa,dict_values(['Arabic']),163610.0,11818618,['Africa']
11,Italy,True,True,monday,Italian Republic,['Italia'],dict_keys(['EUR']),['Euro'],['€'],+3,['9'],['Rome'],Europe,Southern Europe,dict_values(['Italian']),301336.0,59554023,['Europe']
12,Benin,True,True,monday,Republic of Benin,['Bénin'],dict_keys(['XOF']),['West African CFA franc'],['Fr'],+2,['29'],['Porto-Novo'],Africa,Western Africa,dict_values(['French']),112622.0,12123198,['Africa']
13,Indonesia,True,True,monday,Republic of Indonesia,['Indonesia'],dict_keys(['IDR']),['Indonesian rupiah'],['Rp'],+6,['2'],['Jakarta'],Asia,South-Eastern Asia,dict_values(['Indonesian']),1904569.0,273523621,['Asia']
14,Cape Verde,True,True,monday,Republic of Cabo Verde,['Cabo Verde'],dict_keys(['CVE']),['Cape Verdean escudo'],['Esc'],+2,['38'],['Praia'],Africa,Western Africa,dict_values(['Portuguese']),4033.0,555988,['Africa']
15,Saint Kitts and Nevis,True,True,monday,Federation of Saint Christopher and Nevis,['Saint Kitts and Nevis'],dict_keys(['XCD']),['Eastern Caribbean dollar'],['$'],+1,['869'],['Basseterre'],Americas,Caribbean,dict_values(['English']),261.0,53192,['North America']
16,Laos,True,True,monday,Lao People's Democratic Republic,['ສປປລາວ'],dict_keys(['LAK']),['Lao kip'],['₭'],+8,['56'],['Vientiane'],Asia,South-Eastern Asia,dict_values(['Lao']),236800.0,7275556,['Asia']
17,Caribbean Netherlands,False,False,monday,"Bonaire, Sint Eustatius and Saba","['Caribisch Nederland', 'Boneiru, Sint Eustatius y Saba']",dict_keys(['USD']),['United States dollar'],['$'],+5,['99'],['Kralendijk'],Americas,Caribbean,"dict_values(['English', 'Dutch', 'Papiamento'])",328.0,25987,['North America']
18,Uganda,True,True,monday,Republic of Uganda,"['Uganda', 'Uganda']",dict_keys(['UGX']),['Ugandan shilling'],['Sh'],+2,['56'],['Kampala'],Africa,Eastern Africa,"dict_values(['English', 'Swahili'])",241550.0,45741000,['Africa']
19,Andorra,True,True,monday,Principality of Andorra,['Andorra'],dict_keys(['EUR']),['Euro'],['€'],+3,['76'],['Andorra la Vella'],Europe,Southern Europe,dict_values(['Catalan']),468.0,77265,['Europe']
20,Burundi,True,True,monday,Republic of Burundi,"['Burundi', 'Uburundi']",dict_keys(['BIF']),['Burundian franc'],['Fr'],+2,['57'],['Gitega'],Africa,Eastern Africa,"dict_values(['French', 'Kirundi'])",27834.0,11890781,['Africa']
21,South Africa,True,True,monday,Republic of South Africa,"['South Africa', 'South Africa', 'Sewula Afrika', 'Afrika-Borwa', 'Afrika Borwa', 'Ningizimu Afrika', 'Aforika Borwa', 'Afrika Dzonga', 'Afurika Tshipembe', 'Mzantsi Afrika', 'Ningizimu Afrika']",dict_keys(['ZAR']),['South African rand'],['R'],+2,['7'],"['Pretoria', 'Bloemfontein', 'Cape Town']",Africa,Southern Africa,"dict_values(['Afrikaans', 'English', 'Southern Ndebele', 'Northern Sotho', 'Southern Sotho', 'Swazi', 'Tswana', 'Tsonga', 'Venda', 'Xhosa', 'Zulu'])",1221037.0,59308690,['Africa']
22,France,True,True,monday,French Republic,['France'],dict_keys(['EUR']),['Euro'],['€'],+3,['3'],['Paris'],Europe,Western Europe,dict_values(['French']),551695.0,67391582,['Europe']
23,Libya,True,True,sunday,State of Libya,['\u200fليبيا'],dict_keys(['LYD']),['Libyan dinar'],['ل.د'],+2,['18'],['Tripoli'],Africa,Northern Africa,dict_values(['Arabic']),1759540.0,6871287,['Africa']
24,Mexico,True,True,monday,United Mexican States,['México'],dict_keys(['MXN']),['Mexican peso'],['$'],+5,['2'],['Mexico City'],Americas,North America,dict_values(['Spanish']),1964375.0,128932753,['North America']
25,Gabon,True,True,monday,Gabonese Republic,['Gabon'],dict_keys(['XAF']),['Central African CFA franc'],['Fr'],+2,['41'],['Libreville'],Africa,Middle Africa,dict_values(['French']),267668.0,2225728,['Africa']
26,Northern Mariana Islands,False,False,monday,Commonwealth of the Northern Mariana Islands,"['Northern Mariana Islands', 'Na Islas Mariånas', 'Northern Mariana Islands']",dict_keys(['USD']),['United States dollar'],['$'],+1,['670'],['Saipan'],Oceania,Micronesia,"dict_values(['Carolinian', 'Chamorro', 'English'])",464.0,57557,['Oceania']
27,North Macedonia,True,True,monday,Republic of North Macedonia,['Македонија'],dict_keys(['MKD']),['denar'],['den'],+3,['89'],['Skopje'],Europe,Southeast Europe,dict_values(['Macedonian']),25713.0,2077132,['Europe']
28,China,True,True,monday,People's Republic of China,['中国'],dict_keys(['CNY']),['Chinese yuan'],['¥'],+8,['6'],['Beijing'],Asia,Eastern Asia,dict_values(['Chinese']),9706961.0,1402112000,['Asia']
29,Yemen,True,True,sunday,Republic of Yemen,['اليَمَن'],dict_keys(['YER']),['Yemeni rial'],['﷼'],+9,['67'],"[""Sana'a""]",Asia,Western Asia,dict_values(['Arabic']),527968.0,29825968,['Asia']
30,Saint Barthélemy,False,False,monday,Collectivity of Saint Barthélemy,['Saint-Barthélemy'],dict_keys(['EUR']),['Euro'],['€'],+5,['90'],['Gustavia'],Americas,Caribbean,dict_values(['French']),21.0,4255,['North America']
31,Guernsey,False,False,monday,Bailiwick of Guernsey,"['Guernsey', 'Guernesey', 'Dgèrnésiais']","dict_keys(['GBP', 'GGP'])","['British pound', 'Guernsey pound']","['£', '£']",+4,['4'],['St. Peter Port'],Europe,Northern Europe,"dict_values(['English', 'French', 'Guernésiais'])",78.0,62999,['Europe']
32,Solomon Islands,True,True,monday,Solomon Islands,['Solomon Islands'],dict_keys(['SBD']),['Solomon Islands dollar'],['$'],+6,['77'],['Honiara'],Oceania,Melanesia,dict_values(['English']),28896.0,686878,['Oceania']
33,Svalbard and Jan Mayen,False,False,monday,Svalbard og Jan Mayen,['Svalbard og Jan Mayen'],dict_keys(['NOK']),['krone'],['kr'],+4,['779'],['Longyearbyen'],Europe,Northern Europe,dict_values(['Norwegian']),61399.0,2562,['Europe']
34,Faroe Islands,False,False,monday,Faroe Islands,"['Færøerne', 'Føroyar']","dict_keys(['DKK', 'FOK'])","['Danish krone', 'Faroese króna']","['kr', 'kr']",+2,['98'],['Tórshavn'],Europe,Northern Europe,"dict_values(['Danish', 'Faroese'])",1393.0,48865,['Europe']
35,Uzbekistan,True,True,monday,Republic of Uzbekistan,"['Узбекистан', 'O‘zbekiston']",dict_keys(['UZS']),['Uzbekistani soʻm'],"[""so'm""]",+9,['98'],['Tashkent'],Asia,Central Asia,"dict_values(['Russian', 'Uzbek'])",447400.0,34232050,['Asia']
36,Egypt,True,True,sunday,Arab Republic of Egypt,['مصر'],dict_keys(['EGP']),['Egyptian pound'],['£'],+2,['0'],['Cairo'],Africa,Northern Africa,dict_values(['Arabic']),1002450.0,102334403,['Africa']
37,Senegal,True,True,monday,Republic of Senegal,['Sénégal'],dict_keys(['XOF']),['West African CFA franc'],['Fr'],+2,['21'],['Dakar'],Africa,Western Africa,dict_values(['French']),196722.0,16743930,['Africa']
38,Sri Lanka,True,True,monday,Democratic Socialist Republic of Sri Lanka,"['ශ්\u200dරී ලංකාව', 'இலங்கை']",dict_keys(['LKR']),['Sri Lankan rupee'],['Rs  රු'],+9,['4'],['Sri Jayawardenepura Kotte'],Asia,Southern Asia,"dict_values(['Sinhala', 'Tamil'])",65610.0,21919000,['Asia']
39,Palestine,False,False,sunday,State of Palestine,['فلسطين'],"dict_keys(['EGP', 'ILS', 'JOD'])","['Egyptian pound', 'Israeli new shekel', 'Jordanian dinar']","['E£', '₪', 'JD']",+9,['70'],"['Ramallah', 'Jerusalem']",Asia,Western Asia,dict_values(['Arabic']),6220.0,4803269,['Asia']
40,Bangladesh,True,True,sunday,People's Republic of Bangladesh,['বাংলাদেশ'],dict_keys(['BDT']),['Bangladeshi taka'],['৳'],+8,['80'],['Dhaka'],Asia,Southern Asia,dict_values(['Bengali']),147570.0,164689383,['Asia']
41,Peru,True,True,monday,Republic of Peru,"['Piruw', 'Piruw', 'Perú']",dict_keys(['PEN']),['Peruvian sol'],['S/ '],+5,['1'],['Lima'],Americas,South America,"dict_values(['Aymara', 'Quechua', 'Spanish'])",1285216.0,32971846,['South America']
42,Singapore,True,True,monday,Republic of Singapore,"['Singapore', '新加坡', 'Singapura', 'சிங்கப்பூர்']",dict_keys(['SGD']),['Singapore dollar'],['$'],+6,['5'],['Singapore'],Asia,South-Eastern Asia,"dict_values(['English', 'Chinese', 'Malay', 'Tamil'])",710.0,5685807,['Asia']
43,Turkey,True,True,monday,Republic of Turkey,['Türkiye'],dict_keys(['TRY']),['Turkish lira'],['₺'],+9,['0'],['Ankara'],Asia,Western Asia,dict_values(['Turkish']),783562.0,84339067,"['Europe', 'Asia']"
44,Afghanistan,True,True,monday,Islamic Republic of Afghanistan,"['افغانستان', 'افغانستان', 'Owganystan']",dict_keys(['AFN']),['Afghan afghani'],['؋'],+9,['3'],['Kabul'],Asia,Southern Asia,"dict_values(['Dari', 'Pashto', 'Turkmen'])",652230.0,40218234,['Asia']
45,Aruba,False,False,monday,Aruba,"['Aruba', 'Aruba']",dict_keys(['AWG']),['Aruban florin'],['ƒ'],+2,['97'],['Oranjestad'],Americas,Caribbean,"dict_values(['Dutch', 'Papiamento'])",180.0,106766,['North America']
46,Cook Islands,False,False,monday,Cook Islands,"['Cook Islands', ""Kūki 'Āirani""]","dict_keys(['CKD', 'NZD'])","['Cook Islands dollar', 'New Zealand dollar']","['$', '$']",+6,['82'],['Avarua'],Oceania,Polynesia,"dict_values(['English', 'Cook Islands Māori'])",236.0,18100,['Oceania']
47,United Kingdom,True,True,monday,United Kingdom of Great Britain and Northern Ireland,['United Kingdom'],dict_keys(['GBP']),['British pound'],['£'],+4,['4'],['London'],Europe,Northern Europe,dict_values(['English']),242900.0,67215293,['Europe']
48,Zambia,True,True,monday,Republic of Zambia,['Zambia'],dict_keys(['ZMW']),['Zambian kwacha'],['ZK'],+2,['60'],['Lusaka'],Africa,Eastern Africa,dict_values(['English']),752612.0,18383956,['Africa']
49,Finland,True,True,monday,Republic of Finland,"['Suomi', 'Finland']",dict_keys(['EUR']),['Euro'],['€'],+3,['58'],['Helsinki'],Europe,Northern Europe,"dict_values(['Finnish', 'Swedish'])",338424.0,5530719,['Europe']
50,Niger,True,True,monday,Republic of Niger,['Niger'],dict_keys(['XOF']),['West African CFA franc'],['Fr'],+2,['27'],['Niamey'],Africa,Western Africa,dict_values(['French']),1267000.0,24206636,['Africa']
51,Christmas Island,False,False,monday,Territory of Christmas Island,['Christmas Island'],dict_keys(['AUD']),['Australian dollar'],['$'],+6,['1'],['Flying Fish Cove'],Oceania,Australia and New Zealand,dict_values(['English']),135.0,2072,['Asia']
52,Tokelau,False,False,monday,Tokelau,"['Tokelau', 'Tokelau', 'Tokelau']",dict_keys(['NZD']),['New Zealand dollar'],['$'],+6,['90'],['Fakaofo'],Oceania,Polynesia,"dict_values(['English', 'Samoan', 'Tokelauan'])",12.0,1411,['Oceania']
53,Guinea-Bissau,True,False,monday,Republic of Guinea-Bissau,"['Guiné-Bissau', 'Guiné-Bissau']",dict_keys(['XOF']),['West African CFA franc'],['Fr'],+2,['45'],['Bissau'],Africa,Western Africa,"dict_values(['Portuguese', 'Upper Guinea Creole'])",36125.0,1967998,['Africa']
54,Azerbaijan,True,True,monday,Republic of Azerbaijan,['Azərbaycan'],dict_keys(['AZN']),['Azerbaijani manat'],['₼'],+9,['94'],['Baku'],Asia,Western Asia,dict_values(['Azerbaijani']),86600.0,10110116,"['Europe', 'Asia']"
55,Réunion,False,False,monday,Réunion Island,['La Réunion'],dict_keys(['EUR']),['Euro'],['€'],+2,['62'],['Saint-Denis'],Africa,Eastern Africa,dict_values(['French']),2511.0,840974,['Africa']
56,Djibouti,True,True,monday,Republic of Djibouti,"['جيبوتي\u200e', 'Djibouti']",dict_keys(['DJF']),['Djiboutian franc'],['Fr'],+2,['53'],['Djibouti'],Africa,Eastern Africa,"dict_values(['Arabic', 'French'])",23200.0,988002,['Africa']
57,North Korea,True,True,monday,Democratic People's Republic of Korea,['조선'],dict_keys(['KPW']),['North Korean won'],['₩'],+8,['50'],['Pyongyang'],Asia,Eastern Asia,dict_values(['Korean']),120538.0,25778815,['Asia']
58,Mauritius,True,True,monday,Republic of Mauritius,"['Mauritius', 'Maurice', 'Moris']",dict_keys(['MUR']),['Mauritian rupee'],['₨'],+2,['30'],['Port Louis'],Africa,Eastern Africa,"dict_values(['English', 'French', 'Mauritian Creole'])",2040.0,1265740,['Africa']
59,Montserrat,False,False,monday,Montserrat,['Montserrat'],dict_keys(['XCD']),['Eastern Caribbean dollar'],['$'],+1,['664'],['Plymouth'],Americas,Caribbean,dict_values(['English']),102.0,4922,['North America']
60,United States Virgin Islands,False,False,monday,Virgin Islands of the United States,['United States Virgin Islands'],dict_keys(['USD']),['United States dollar'],['$'],+1,['340'],['Charlotte Amalie'],Americas,Caribbean,dict_values(['English']),347.0,106290,['North America']
61,Colombia,True,True,monday,Republic of Colombia,['Colombia'],dict_keys(['COP']),['Colombian peso'],['$'],+5,['7'],['Bogotá'],Americas,South America,dict_values(['Spanish']),1141748.0,50882884,['South America']
62,Greece,True,True,monday,Hellenic Republic,['Ελλάδα'],dict_keys(['EUR']),['Euro'],['€'],+3,['0'],['Athens'],Europe,Southern Europe,dict_values(['Greek']),131990.0,10715549,['Europe']
63,Croatia,True,True,monday,Republic of Croatia,['Hrvatska'],dict_keys(['EUR']),['Euro'],['€'],+3,['85'],['Zagreb'],Europe,Southeast Europe,dict_values(['Croatian']),56594.0,4047200,['Europe']
64,Morocco,True,True,monday,Kingdom of Morocco,"['المغرب', 'ⵍⵎⴰⵖⵔⵉⴱ']",dict_keys(['MAD']),['Moroccan dirham'],['د.م.'],+2,['12'],['Rabat'],Africa,Northern Africa,"dict_values(['Arabic', 'Berber'])",446550.0,36910558,['Africa']
65,Algeria,True,True,sunday,People's Democratic Republic of Algeria,['الجزائر'],dict_keys(['DZD']),['Algerian dinar'],['د.ج'],+2,['13'],['Algiers'],Africa,Northern Africa,dict_values(['Arabic']),2381741.0,44700000,['Africa']
66,Antarctica,False,False,monday,Antarctica,[],dict_keys([]),[],[],,[],[],Antarctic,,dict_values([]),14000000.0,1000,['Antarctica']
67,Netherlands,True,True,monday,Kingdom of the Netherlands,['Nederland'],dict_keys(['EUR']),['Euro'],['€'],+3,['1'],['Amsterdam'],Europe,Western Europe,dict_values(['Dutch']),41850.0,16655799,['Europe']
68,Sudan,True,True,monday,Republic of the Sudan,"['السودان', 'Sudan']",dict_keys(['SDG']),['Sudanese pound'],['ج.س'],+2,['49'],['Khartoum'],Africa,Northern Africa,"dict_values(['Arabic', 'English'])",1886068.0,43849269,['Africa']
69,Fiji,True,True,monday,Republic of Fiji,"['Fiji', 'Viti', 'फिजी']",dict_keys(['FJD']),['Fijian dollar'],['$'],+6,['79'],['Suva'],Oceania,Melanesia,"dict_values(['English', 'Fijian', 'Fiji Hindi'])",18272.0,896444,['Oceania']
70,Liechtenstein,True,True,monday,Principality of Liechtenstein,['Liechtenstein'],dict_keys(['CHF']),['Swiss franc'],['Fr'],+4,['23'],['Vaduz'],Europe,Western Europe,dict_values(['German']),160.0,38137,['Europe']
71,Nepal,True,True,sunday,Federal Democratic Republic of Nepal,['नेपाल'],dict_keys(['NPR']),['Nepalese rupee'],['₨'],+9,['77'],['Kathmandu'],Asia,Southern Asia,dict_values(['Nepali']),147181.0,29136808,['Asia']
72,Puerto Rico,False,False,monday,Commonwealth of Puerto Rico,"['Puerto Rico', 'Puerto Rico']",dict_keys(['USD']),['United States dollar'],['$'],+1,"['787', '939']",['San Juan'],Americas,Caribbean,"dict_values(['English', 'Spanish'])",8870.0,3194034,['North America']
73,Georgia,True,True,monday,Georgia,['საქართველო'],dict_keys(['GEL']),['lari'],['₾'],+9,['95'],['Tbilisi'],Asia,Western Asia,dict_values(['Georgian']),69700.0,3714000,['Asia']
74,Pakistan,True,True,monday,Islamic Republic of Pakistan,"['Pakistan', 'پاكستان']",dict_keys(['PKR']),['Pakistani rupee'],['₨'],+9,['2'],['Islamabad'],Asia,Southern Asia,"dict_values(['English', 'Urdu'])",881912.0,220892331,['Asia']
75,Monaco,True,True,monday,Principality of Monaco,['Monaco'],dict_keys(['EUR']),['Euro'],['€'],+3,['77'],['Monaco'],Europe,Western Europe,dict_values(['French']),2.02,39244,['Europe']
76,Botswana,True,True,monday,Republic of Botswana,"['Botswana', 'Botswana']",dict_keys(['BWP']),['Botswana pula'],['P'],+2,['67'],['Gaborone'],Africa,Southern Africa,"dict_values(['English', 'Tswana'])",582000.0,2351625,['Africa']
77,Lebanon,True,True,monday,Lebanese Republic,"['لبنان', 'Liban']",dict_keys(['LBP']),['Lebanese pound'],['ل.ل'],+9,['61'],['Beirut'],Asia,Western Asia,"dict_values(['Arabic', 'French'])",10452.0,6825442,['Asia']
78,Papua New Guinea,True,True,monday,Independent State of Papua New Guinea,"['Papua New Guinea', 'Papua Niu Gini', 'Papua Niugini']",dict_keys(['PGK']),['Papua New Guinean kina'],['K'],+6,['75'],['Port Moresby'],Oceania,Melanesia,"dict_values(['English', 'Hiri Motu', 'Tok Pisin'])",462840.0,8947027,['Oceania']
79,Mayotte,False,False,monday,Department of Mayotte,['Mayotte'],dict_keys(['EUR']),['Euro'],['€'],+2,['62'],['Mamoudzou'],Africa,Eastern Africa,dict_values(['French']),374.0,226915,['Africa']
80,Dominican Republic,True,True,monday,Dominican Republic,['República Dominicana'],dict_keys(['DOP']),['Dominican peso'],['$'],+1,"['809', '829', '849']",['Santo Domingo'],Americas,Caribbean,dict_values(['Spanish']),48671.0,10847904,['North America']
81,Norfolk Island,False,False,monday,Territory of Norfolk Island,"['Norfolk Island', ""Norf'k Ailen""]",dict_keys(['AUD']),['Australian dollar'],['$'],+6,['72'],['Kingston'],Oceania,Australia and New Zealand,"dict_values(['English', 'Norfuk'])",36.0,2302,['Oceania']
82,Bouvet Island,False,False,monday,Bouvet Island,['Bouvetøya'],dict_keys([]),[],[],+4,['7'],[],Antarctic,,dict_values(['Norwegian']),49.0,0,['Antarctica']
83,Qatar,True,True,sunday,State of Qatar,['قطر'],dict_keys(['QAR']),['Qatari riyal'],['ر.ق'],+9,['74'],['Doha'],Asia,Western Asia,dict_values(['Arabic']),11586.0,2881060,['Asia']
84,Madagascar,True,True,monday,Republic of Madagascar,"['Madagascar', 'Madagasikara']",dict_keys(['MGA']),['Malagasy ariary'],['Ar'],+2,['61'],['Antananarivo'],Africa,Eastern Africa,"dict_values(['French', 'Malagasy'])",587041.0,27691019,['Africa']
85,India,True,True,monday,Republic of India,"['India', 'भारत', 'இந்தியா']",dict_keys(['INR']),['Indian rupee'],['₹'],+9,['1'],['New Delhi'],Asia,Southern Asia,"dict_values(['English', 'Hindi', 'Tamil'])",3287590.0,1380004385,['Asia']
86,Syria,True,True,monday,Syrian Arab Republic,['سوريا'],dict_keys(['SYP']),['Syrian pound'],['£'],+9,['63'],['Damascus'],Asia,Western Asia,dict_values(['Arabic']),185180.0,17500657,['Asia']
87,Montenegro,True,True,monday,Montenegro,['Црна Гора'],dict_keys(['EUR']),['Euro'],['€'],+3,['82'],['Podgorica'],Europe,Southeast Europe,dict_values(['Montenegrin']),13812.0,621718,['Europe']
88,Eswatini,True,True,monday,Kingdom of Eswatini,"['Eswatini', 'eSwatini']","dict_keys(['SZL', 'ZAR'])","['Swazi lilangeni', 'South African rand']","['L', 'R']",+2,['68'],['Mbabane'],Africa,Southern Africa,"dict_values(['English', 'Swazi'])",17364.0,1160164,['Africa']
89,Paraguay,True,True,monday,Republic of Paraguay,"['Paraguái', 'Paraguay']",dict_keys(['PYG']),['Paraguayan guaraní'],['₲'],+5,['95'],['Asunción'],Americas,South America,"dict_values(['Guaraní', 'Spanish'])",406752.0,7132530,['South America']
90,El Salvador,True,True,monday,Republic of El Salvador,['El Salvador'],dict_keys(['USD']),['United States dollar'],['$'],+5,['03'],['San Salvador'],Americas,Central America,dict_values(['Spanish']),21041.0,6486201,['North America']
91,Ukraine,True,True,monday,Ukraine,['Україна'],dict_keys(['UAH']),['Ukrainian hryvnia'],['₴'],+3,['80'],['Kyiv'],Europe,Eastern Europe,dict_values(['Ukrainian']),603500.0,44134693,['Europe']
92,Isle of Man,False,False,monday,Isle of Man,"['Isle of Man', 'Mannin']","dict_keys(['GBP', 'IMP'])","['British pound', 'Manx pound']","['£', '£']",+4,['4'],['Douglas'],Europe,Northern Europe,"dict_values(['English', 'Manx'])",572.0,85032,['Europe']
93,Namibia,True,True,monday,Republic of Namibia,"['Namibië', 'Namibia', 'Namibia', 'Namibia', 'Namibia', 'Namibia', 'Namibia', 'Namibia', 'Namibia']","dict_keys(['NAD', 'ZAR'])","['Namibian dollar', 'South African rand']","['$', 'R']",+2,['64'],['Windhoek'],Africa,Southern Africa,"dict_values(['Afrikaans', 'German', 'English', 'Herero', 'Khoekhoe', 'Kwangali', 'Lozi', 'Ndonga', 'Tswana'])",825615.0,2540916,['Africa']
94,United Arab Emirates,True,True,sunday,United Arab Emirates,['دولة الإمارات العربية المتحدة'],dict_keys(['AED']),['United Arab Emirates dirham'],['د.إ'],+9,['71'],['Abu Dhabi'],Asia,Western Asia,dict_values(['Arabic']),83600.0,9890400,['Asia']
95,Bulgaria,True,True,monday,Republic of Bulgaria,['България'],dict_keys(['BGN']),['Bulgarian lev'],['лв'],+3,['59'],['Sofia'],Europe,Southeast Europe,dict_values(['Bulgarian']),110879.0,6927288,['Europe']
96,Greenland,False,False,monday,Greenland,['Kalaallit Nunaat'],dict_keys(['DKK']),['krone'],['kr.'],+2,['99'],['Nuuk'],Americas,North America,dict_values(['Greenlandic']),2166086.0,56367,['North America']
97,Germany,True,True,monday,Federal Republic of Germany,['Deutschland'],dict_keys(['EUR']),['Euro'],['€'],+4,['9'],['Berlin'],Europe,Western Europe,dict_values(['German']),357114.0,83240525,['Europe']
98,Cambodia,True,True,monday,Kingdom of Cambodia,['Kâmpŭchéa'],"dict_keys(['KHR', 'USD'])","['Cambodian riel', 'United States dollar']","['៛', '$']",+8,['55'],['Phnom Penh'],Asia,South-Eastern Asia,dict_values(['Khmer']),181035.0,16718971,['Asia']
99,Iraq,True,True,sunday,Republic of Iraq,"['العراق', 'ܩܘܼܛܢܵܐ', 'کۆماری']",dict_keys(['IQD']),['Iraqi dinar'],['ع.د'],+9,['64'],['Baghdad'],Asia,Western Asia,"dict_values(['Arabic', 'Aramaic', 'Sorani'])",438317.0,40222503,['Asia']
100,French Southern and Antarctic Lands,False,False,monday,Territory of the French Southern and Antarctic Lands,['Terres australes et antarctiques françaises'],dict_keys(['EUR']),['Euro'],['€'],+2,['62'],['Port-aux-Français'],Antarctic,,dict_values(['French']),7747.0,400,['Antarctica']
101,Sweden,True,True,monday,Kingdom of Sweden,['Sverige'],dict_keys(['SEK']),['Swedish krona'],['kr'],+4,['6'],['Stockholm'],Europe,Northern Europe,dict_values(['Swedish']),450295.0,10353442,['Europe']
102,Cuba,True,True,monday,Republic of Cuba,['Cuba'],"dict_keys(['CUC', 'CUP'])","['Cuban convertible peso', 'Cuban peso']","['$', '$']",+5,['3'],['Havana'],Americas,Caribbean,dict_values(['Spanish']),109884.0,11326616,['North America']
103,Kyrgyzstan,True,True,monday,Kyrgyz Republic,"['Кыргызстан', 'Киргизия']",dict_keys(['KGS']),['Kyrgyzstani som'],['с'],+9,['96'],['Bishkek'],Asia,Central Asia,"dict_values(['Kyrgyz', 'Russian'])",199951.0,6591600,['Asia']
104,Russia,True,True,monday,Russian Federation,['Россия'],dict_keys(['RUB']),['Russian ruble'],['₽'],+7,"['3', '4', '5', '8', '9']",['Moscow'],Europe,Eastern Europe,dict_values(['Russian']),17098242.0,144104080,"['Europe', 'Asia']"
105,Malaysia,True,True,sunday,Malaysia,"['Malaysia', 'مليسيا']",dict_keys(['MYR']),['Malaysian ringgit'],['RM'],+6,['0'],['Kuala Lumpur'],Asia,South-Eastern Asia,"dict_values(['English', 'Malay'])",330803.0,32365998,['Asia']
106,São Tomé and Príncipe,True,True,monday,Democratic Republic of São Tomé and Príncipe,['São Tomé e Príncipe'],dict_keys(['STN']),['São Tomé and Príncipe dobra'],['Db'],+2,['39'],['São Tomé'],Africa,Middle Africa,dict_values(['Portuguese']),964.0,219161,['Africa']
107,Cyprus,True,True,monday,Republic of Cyprus,"['Κύπρος', 'Kıbrıs']",dict_keys(['EUR']),['Euro'],['€'],+3,['57'],['Nicosia'],Europe,Southern Europe,"dict_values(['Greek', 'Turkish'])",9251.0,1207361,['Europe']
108,Canada,True,True,sunday,Canada,"['Canada', 'Canada']",dict_keys(['CAD']),['Canadian dollar'],['$'],+1,[''],['Ottawa'],Americas,North America,"dict_values(['English', 'French'])",9984670.0,38005238,['North America']
109,Malawi,True,True,monday,Republic of Malawi,"['Malawi', 'Malaŵi']",dict_keys(['MWK']),['Malawian kwacha'],['MK'],+2,['65'],['Lilongwe'],Africa,Eastern Africa,"dict_values(['English', 'Chewa'])",118484.0,19129955,['Africa']
110,Saudi Arabia,True,True,sunday,Kingdom of Saudi Arabia,['العربية السعودية'],dict_keys(['SAR']),['Saudi riyal'],['ر.س'],+9,['66'],['Riyadh'],Asia,Western Asia,dict_values(['Arabic']),2149690.0,34813867,['Asia']
111,Bosnia and Herzegovina,True,True,monday,Bosnia and Herzegovina,"['Bosna i Hercegovina', 'Bosna i Hercegovina', 'Босна и Херцеговина']",dict_keys(['BAM']),['Bosnia and Herzegovina convertible mark'],['KM'],+3,['87'],['Sarajevo'],Europe,Southeast Europe,"dict_values(['Bosnian', 'Croatian', 'Serbian'])",51209.0,3280815,['Europe']
112,Ethiopia,True,True,monday,Federal Democratic Republic of Ethiopia,['ኢትዮጵያ'],dict_keys(['ETB']),['Ethiopian birr'],['Br'],+2,['51'],['Addis Ababa'],Africa,Eastern Africa,dict_values(['Amharic']),1104300.0,114963583,['Africa']
113,Spain,True,True,monday,Kingdom of Spain,['España'],dict_keys(['EUR']),['Euro'],['€'],+3,['4'],['Madrid'],Europe,Southern Europe,"dict_values(['Spanish', 'Catalan', 'Basque', 'Galician'])",505992.0,47351567,['Europe']
114,Slovenia,True,True,monday,Republic of Slovenia,['Slovenija'],dict_keys(['EUR']),['Euro'],['€'],+3,['86'],['Ljubljana'],Europe,Central Europe,dict_values(['Slovene']),20273.0,2100126,['Europe']
115,Oman,True,True,sunday,Sultanate of Oman,['عمان'],dict_keys(['OMR']),['Omani rial'],['ر.ع.'],+9,['68'],['Muscat'],Asia,Western Asia,dict_values(['Arabic']),309500.0,5106622,['Asia']
116,Saint Pierre and Miquelon,False,False,monday,Saint Pierre and Miquelon,['Saint-Pierre-et-Miquelon'],dict_keys(['EUR']),['Euro'],['€'],+5,['08'],['Saint-Pierre'],Americas,North America,dict_values(['French']),242.0,6069,['North America']
117,Macau,False,False,monday,Macao Special Administrative Region of the People's Republic of China,"['Macau', '澳门']",dict_keys(['MOP']),['Macanese pataca'],['P'],+8,['53'],[],Asia,Eastern Asia,"dict_values(['Portuguese', 'Chinese'])",30.0,649342,['Asia']
118,San Marino,True,True,monday,Republic of San Marino,['San Marino'],dict_keys(['EUR']),['Euro'],['€'],+3,['78'],['City of San Marino'],Europe,Southern Europe,dict_values(['Italian']),61.0,33938,['Europe']
119,Lesotho,True,True,monday,Kingdom of Lesotho,"['Lesotho', 'Lesotho']","dict_keys(['LSL', 'ZAR'])","['Lesotho loti', 'South African rand']","['L', 'R']",+2,['66'],['Maseru'],Africa,Southern Africa,"dict_values(['English', 'Sotho'])",30355.0,2142252,['Africa']
120,Marshall Islands,True,True,monday,Republic of the Marshall Islands,"['Marshall Islands', 'M̧ajeļ']",dict_keys(['USD']),['United States dollar'],['$'],+6,['92'],['Majuro'],Oceania,Micronesia,"dict_values(['English', 'Marshallese'])",181.0,59194,['Oceania']
121,Sint Maarten,False,False,monday,Sint Maarten,"['Sint Maarten', 'Saint-Martin', 'Sint Maarten']",dict_keys(['ANG']),['Netherlands Antillean guilder'],['ƒ'],+1,['721'],['Philipsburg'],Americas,Caribbean,"dict_values(['English', 'French', 'Dutch'])",34.0,40812,['North America']
122,Iceland,True,True,monday,Iceland,['Ísland'],dict_keys(['ISK']),['Icelandic króna'],['kr'],+3,['54'],['Reykjavik'],Europe,Northern Europe,dict_values(['Icelandic']),103000.0,366425,['Europe']
123,Luxembourg,True,True,monday,Grand Duchy of Luxembourg,"['Luxemburg', 'Luxembourg', 'Lëtzebuerg']",dict_keys(['EUR']),['Euro'],['€'],+3,['52'],['Luxembourg'],Europe,Western Europe,"dict_values(['German', 'French', 'Luxembourgish'])",2586.0,632275,['Europe']
124,Argentina,True,True,monday,Argentine Republic,"['Argentina', 'Argentina']",dict_keys(['ARS']),['Argentine peso'],['$'],+5,['4'],['Buenos Aires'],Americas,South America,"dict_values(['Guaraní', 'Spanish'])",2780400.0,45376763,['South America']
125,Turks and Caicos Islands,False,False,monday,Turks and Caicos Islands,['Turks and Caicos Islands'],dict_keys(['USD']),['United States dollar'],['$'],+1,['649'],['Cockburn Town'],Americas,Caribbean,dict_values(['English']),948.0,38718,['North America']
126,Nauru,True,True,monday,Republic of Nauru,"['Nauru', 'Nauru']",dict_keys(['AUD']),['Australian dollar'],['$'],+6,['74'],['Yaren'],Oceania,Micronesia,"dict_values(['English', 'Nauru'])",21.0,10834,['Oceania']
127,Cocos (Keeling) Islands,False,False,monday,Territory of the Cocos (Keeling) Islands,['Cocos (Keeling) Islands'],dict_keys(['AUD']),['Australian dollar'],['$'],+6,['1'],['West Island'],Oceania,Australia and New Zealand,dict_values(['English']),14.0,544,['Asia']
128,Western Sahara,False,False,monday,Sahrawi Arab Democratic Republic,"['Western Sahara', 'الصحراء الغربية', 'Sahara Occidental']","dict_keys(['DZD', 'MAD', 'MRU'])","['Algerian dinar', 'Moroccan dirham', 'Mauritanian ouguiya']","['دج', 'DH', 'UM']",+2,"['125288', '125289']",['El Aaiún'],Africa,Northern Africa,"dict_values(['Berber', 'Hassaniya', 'Spanish'])",266000.0,510713,['Africa']
129,Dominica,True,True,monday,Commonwealth of Dominica,['Dominica'],dict_keys(['XCD']),['Eastern Caribbean dollar'],['$'],+1,['767'],['Roseau'],Americas,Caribbean,dict_values(['English']),751.0,71991,['North America']
130,Costa Rica,True,True,monday,Republic of Costa Rica,['Costa Rica'],dict_keys(['CRC']),['Costa Rican colón'],['₡'],+5,['06'],['San José'],Americas,Central America,dict_values(['Spanish']),51100.0,5094114,['North America']
131,Australia,True,True,monday,Commonwealth of Australia,['Australia'],dict_keys(['AUD']),['Australian dollar'],['$'],+6,['1'],['Canberra'],Oceania,Australia and New Zealand,dict_values(['English']),7692024.0,25687041,['Oceania']
132,Thailand,True,True,monday,Kingdom of Thailand,['ประเทศไทย'],dict_keys(['THB']),['Thai baht'],['฿'],+6,['6'],['Bangkok'],Asia,South-Eastern Asia,dict_values(['Thai']),513120.0,69799978,['Asia']
133,Haiti,True,True,monday,Republic of Haiti,"['Haïti', 'Ayiti']",dict_keys(['HTG']),['Haitian gourde'],['G'],+5,['09'],['Port-au-Prince'],Americas,Caribbean,"dict_values(['French', 'Haitian Creole'])",27750.0,11402533,['North America']
134,Tuvalu,True,True,monday,Tuvalu,"['Tuvalu', 'Tuvalu']","dict_keys(['AUD', 'TVD'])","['Australian dollar', 'Tuvaluan dollar']","['$', '$']",+6,['88'],['Funafuti'],Oceania,Polynesia,"dict_values(['English', 'Tuvaluan'])",26.0,11792,['Oceania']
135,Honduras,True,True,monday,Republic of Honduras,['Honduras'],dict_keys(['HNL']),['Honduran lempira'],['L'],+5,['04'],['Tegucigalpa'],Americas,Central America,dict_values(['Spanish']),112492.0,9904608,['North America']
136,Equatorial Guinea,True,True,monday,Republic of Equatorial Guinea,"['Guinée équatoriale', 'Guiné Equatorial', 'Guinea Ecuatorial']",dict_keys(['XAF']),['Central African CFA franc'],['Fr'],+2,['40'],['Malabo'],Africa,Middle Africa,"dict_values(['French', 'Portuguese', 'Spanish'])",28051.0,1402985,['Africa']
137,Saint Lucia,True,True,monday,Saint Lucia,['Saint Lucia'],dict_keys(['XCD']),['Eastern Caribbean dollar'],['$'],+1,['758'],['Castries'],Americas,Caribbean,dict_values(['English']),616.0,183629,['North America']
138,French Polynesia,False,False,monday,French Polynesia,['Polynésie française'],dict_keys(['XPF']),['CFP franc'],['₣'],+6,['89'],['Papeetē'],Oceania,Polynesia,dict_values(['French']),4167.0,280904,['Oceania']
139,Belarus,True,True,monday,Republic of Belarus,"['Белару́сь', 'Беларусь']",dict_keys(['BYN']),['Belarusian ruble'],['Br'],+3,['75'],['Minsk'],Europe,Eastern Europe,"dict_values(['Belarusian', 'Russian'])",207600.0,9398861,['Europe']
140,Latvia,True,True,monday,Republic of Latvia,['Latvija'],dict_keys(['EUR']),['Euro'],['€'],+3,['71'],['Riga'],Europe,Northern Europe,dict_values(['Latvian']),64559.0,1901548,['Europe']
141,Palau,True,True,monday,Republic of Palau,"['Palau', 'Belau']",dict_keys(['USD']),['United States dollar'],['$'],+6,['80'],['Ngerulmud'],Oceania,Micronesia,"dict_values(['English', 'Palauan'])",459.0,18092,['Oceania']
142,Guadeloupe,False,False,monday,Guadeloupe,['Guadeloupe'],dict_keys(['EUR']),['Euro'],['€'],+5,['90'],['Basse-Terre'],Americas,Caribbean,dict_values(['French']),1628.0,400132,['North America']
143,Philippines,True,True,monday,Republic of the Philippines,"['Philippines', 'Pilipinas']",dict_keys(['PHP']),['Philippine peso'],['₱'],+6,['3'],['Manila'],Asia,South-Eastern Asia,"dict_values(['English', 'Filipino'])",342353.0,109581085,['Asia']
144,Gibraltar,False,False,monday,Gibraltar,['Gibraltar'],dict_keys(['GIP']),['Gibraltar pound'],['£'],+3,['50'],['Gibraltar'],Europe,Southern Europe,dict_values(['English']),6.0,33691,['Europe']
145,Denmark,True,True,monday,Kingdom of Denmark,['Danmark'],dict_keys(['DKK']),['Danish krone'],['kr'],+4,['5'],['Copenhagen'],Europe,Northern Europe,dict_values(['Danish']),43094.0,5831404,['Europe']
146,Cameroon,True,True,monday,Republic of Cameroon,"['Cameroon', 'Cameroun']",dict_keys(['XAF']),['Central African CFA franc'],['Fr'],+2,['37'],['Yaoundé'],Africa,Middle Africa,"dict_values(['English', 'French'])",475442.0,26545864,['Africa']
147,Guinea,True,True,monday,Republic of Guinea,['Guinée'],dict_keys(['GNF']),['Guinean franc'],['Fr'],+2,['24'],['Conakry'],Africa,Western Africa,dict_values(['French']),245857.0,13132792,['Africa']
148,Bahrain,True,True,monday,Kingdom of Bahrain,['\u200fالبحرين'],dict_keys(['BHD']),['Bahraini dinar'],['.د.ب'],+9,['73'],['Manama'],Asia,Western Asia,dict_values(['Arabic']),765.0,1701583,['Asia']
149,Suriname,True,True,monday,Republic of Suriname,['Suriname'],dict_keys(['SRD']),['Surinamese dollar'],['$'],+5,['97'],['Paramaribo'],Americas,South America,dict_values(['Dutch']),163820.0,586634,['South America']
150,DR Congo,True,True,monday,Democratic Republic of the Congo,"['RD Congo', 'Repubilika ya Kongo Demokratiki', 'Republiki ya Kongó Demokratiki', 'Ditunga dia Kongu wa Mungalaata', 'Jamhuri ya Kidemokrasia ya Kongo']",dict_keys(['CDF']),['Congolese franc'],['FC'],+2,['43'],['Kinshasa'],Africa,Middle Africa,"dict_values(['French', 'Kikongo', 'Lingala', 'Tshiluba', 'Swahili'])",2344858.0,108407721,['Africa']
151,Somalia,True,True,monday,Federal Republic of Somalia,"['الصومال\u200e\u200e', 'Soomaaliya']",dict_keys(['SOS']),['Somali shilling'],['Sh'],+2,['52'],['Mogadishu'],Africa,Eastern Africa,"dict_values(['Arabic', 'Somali'])",637657.0,15893219,['Africa']
152,Czechia,True,True,monday,Czech Republic,"['Česko', 'Česko']",dict_keys(['CZK']),['Czech koruna'],['Kč'],+4,['20'],['Prague'],Europe,Central Europe,"dict_values(['Czech', 'Slovak'])",78865.0,10698896,['Europe']
153,New Caledonia,False,False,monday,New Caledonia,['Nouvelle-Calédonie'],dict_keys(['XPF']),['CFP franc'],['₣'],+6,['87'],['Nouméa'],Oceania,Melanesia,dict_values(['French']),18575.0,271960,['Oceania']
154,Vanuatu,True,True,monday,Republic of Vanuatu,"['Vanuatu', 'Vanuatu', 'Vanuatu']",dict_keys(['VUV']),['Vanuatu vatu'],['Vt'],+6,['78'],['Port Vila'],Oceania,Melanesia,"dict_values(['Bislama', 'English', 'French'])",12189.0,307150,['Oceania']
155,"Saint Helena, Ascension and Tristan da Cunha",False,False,monday,"Saint Helena, Ascension and Tristan da Cunha","['Saint Helena, Ascension and Tristan da Cunha']","dict_keys(['GBP', 'SHP'])","['Pound sterling', 'Saint Helena pound']","['£', '£']",+2,"['90', '47']",['Jamestown'],Africa,Western Africa,dict_values(['English']),394.0,53192,['Africa']
156,Togo,True,True,monday,Togolese Republic,['Togo'],dict_keys(['XOF']),['West African CFA franc'],['Fr'],+2,['28'],['Lomé'],Africa,Western Africa,dict_values(['French']),56785.0,8278737,['Africa']
157,British Virgin Islands,False,False,monday,Virgin Islands,['British Virgin Islands'],dict_keys(['USD']),['United States dollar'],['$'],+1,['284'],['Road Town'],Americas,Caribbean,dict_values(['English']),151.0,30237,['North America']
158,Kenya,True,True,monday,Republic of Kenya,"['Kenya', 'Kenya']",dict_keys(['KES']),['Kenyan shilling'],['Sh'],+2,['54'],['Nairobi'],Africa,Eastern Africa,"dict_values(['English', 'Swahili'])",580367.0,53771300,['Africa']
159,Niue,False,False,monday,Niue,"['Niue', 'Niuē']",dict_keys(['NZD']),['New Zealand dollar'],['$'],+6,['83'],['Alofi'],Oceania,Polynesia,"dict_values(['English', 'Niuean'])",260.0,1470,['Oceania']
160,Heard Island and McDonald Islands,False,False,monday,Heard Island and McDonald Islands,['Heard Island and McDonald Islands'],dict_keys([]),[],[],,[],[],Antarctic,,dict_values(['English']),412.0,0,['Antarctica']
161,Rwanda,True,True,monday,Republic of Rwanda,"['Rwanda', 'Rwanda', 'Rwanda']",dict_keys(['RWF']),['Rwandan franc'],['Fr'],+2,['50'],['Kigali'],Africa,Eastern Africa,"dict_values(['English', 'French', 'Kinyarwanda'])",26338.0,12952209,['Africa']
162,Estonia,True,True,monday,Republic of Estonia,['Eesti'],dict_keys(['EUR']),['Euro'],['€'],+3,['72'],['Tallinn'],Europe,Northern Europe,dict_values(['Estonian']),45227.0,1331057,['Europe']
163,Romania,True,True,monday,Romania,['România'],dict_keys(['RON']),['Romanian leu'],['lei'],+4,['0'],['Bucharest'],Europe,Southeast Europe,dict_values(['Romanian']),238391.0,19286123,['Europe']
164,Trinidad and Tobago,True,True,monday,Republic of Trinidad and Tobago,['Trinidad and Tobago'],dict_keys(['TTD']),['Trinidad and Tobago dollar'],['$'],+1,['868'],['Port of Spain'],Americas,Caribbean,dict_values(['English']),5130.0,1399491,['North America']
165,Guyana,True,True,monday,Co-operative Republic of Guyana,['Guyana'],dict_keys(['GYD']),['Guyanese dollar'],['$'],+5,['92'],['Georgetown'],Americas,South America,dict_values(['English']),214969.0,786559,['South America']
166,Timor-Leste,True,True,monday,Democratic Republic of Timor-Leste,"['Timor-Leste', 'Timór-Leste']",dict_keys(['USD']),['United States dollar'],['$'],+6,['70'],['Dili'],Asia,South-Eastern Asia,"dict_values(['Portuguese', 'Tetum'])",14874.0,1318442,['Oceania']
167,Vietnam,True,True,monday,Socialist Republic of Vietnam,['Việt Nam'],dict_keys(['VND']),['Vietnamese đồng'],['₫'],+8,['4'],['Hanoi'],Asia,South-Eastern Asia,dict_values(['Vietnamese']),331212.0,97338583,['Asia']
168,Uruguay,True,True,monday,Oriental Republic of Uruguay,['Uruguay'],dict_keys(['UYU']),['Uruguayan peso'],['$'],+5,['98'],['Montevideo'],Americas,South America,dict_values(['Spanish']),181034.0,3473727,['South America']
169,Vatican City,True,False,monday,Vatican City State,"['Vaticano', 'Vaticanæ']",dict_keys(['EUR']),['Euro'],['€'],+3,"['906698', '79']",['Vatican City'],Europe,Southern Europe,"dict_values(['Italian', 'Latin'])",0.44,451,['Europe']
170,Hong Kong,False,False,monday,Hong Kong Special Administrative Region of the People's Republic of China,"['Hong Kong', '香港']",dict_keys(['HKD']),['Hong Kong dollar'],['$'],+8,['52'],['City of Victoria'],Asia,Eastern Asia,"dict_values(['English', 'Chinese'])",1104.0,7500700,['Asia']
171,Austria,True,True,monday,Republic of Austria,['Österreich'],dict_keys(['EUR']),['Euro'],['€'],+4,['3'],['Vienna'],Europe,Central Europe,dict_values(['German']),83871.0,8917205,['Europe']
172,Antigua and Barbuda,True,True,monday,Antigua and Barbuda,['Antigua and Barbuda'],dict_keys(['XCD']),['Eastern Caribbean dollar'],['$'],+1,['268'],"[""Saint John's""]",Americas,Caribbean,dict_values(['English']),442.0,97928,['North America']
173,Turkmenistan,True,True,monday,Turkmenistan,"['Туркмения', 'Türkmenistan']",dict_keys(['TMT']),['Turkmenistan manat'],['m'],+9,['93'],['Ashgabat'],Asia,Central Asia,"dict_values(['Russian', 'Turkmen'])",488100.0,6031187,['Asia']
174,Mozambique,True,True,monday,Republic of Mozambique,['Moçambique'],dict_keys(['MZN']),['Mozambican metical'],['MT'],+2,['58'],['Maputo'],Africa,Eastern Africa,dict_values(['Portuguese']),801590.0,31255435,['Africa']
175,Panama,True,True,monday,Republic of Panama,['Panamá'],"dict_keys(['PAB', 'USD'])","['Panamanian balboa', 'United States dollar']","['B/.', '$']",+5,['07'],['Panama City'],Americas,Central America,dict_values(['Spanish']),75417.0,4314768,['North America']
176,Micronesia,True,True,monday,Federated States of Micronesia,['Micronesia'],dict_keys(['USD']),['United States dollar'],['$'],+6,['91'],['Palikir'],Oceania,Micronesia,dict_values(['English']),702.0,115021,['Oceania']
177,Ireland,True,True,monday,Republic of Ireland,"['Ireland', 'Éire']",dict_keys(['EUR']),['Euro'],['€'],+3,['53'],['Dublin'],Europe,Northern Europe,"dict_values(['English', 'Irish'])",70273.0,4994724,['Europe']
178,Curaçao,False,False,monday,Country of Curaçao,"['Curaçao', 'Curaçao', 'Pais Kòrsou']",dict_keys(['ANG']),['Netherlands Antillean guilder'],['ƒ'],+5,['99'],['Willemstad'],Americas,Caribbean,"dict_values(['English', 'Dutch', 'Papiamento'])",444.0,155014,['North America']
179,French Guiana,False,False,monday,Guiana,['Guyane française'],dict_keys(['EUR']),['Euro'],['€'],+5,['94'],['Cayenne'],Americas,South America,dict_values(['French']),83534.0,254541,['South America']
180,Norway,True,True,monday,Kingdom of Norway,"['Noreg', 'Norge', 'Norgga']",dict_keys(['NOK']),['Norwegian krone'],['kr'],+4,['7'],['Oslo'],Europe,Northern Europe,"dict_values(['Norwegian Nynorsk', 'Norwegian Bokmål', 'Sami'])",323802.0,5379475,['Europe']
181,Åland Islands,False,False,monday,Åland Islands,['Åland'],dict_keys(['EUR']),['Euro'],['€'],+3,['5818'],['Mariehamn'],Europe,Northern Europe,dict_values(['Swedish']),1580.0,29458,['Europe']
182,Central African Republic,True,True,monday,Central African Republic,"['République centrafricaine', 'Bêafrîka']",dict_keys(['XAF']),['Central African CFA franc'],['Fr'],+2,['36'],['Bangui'],Africa,Middle Africa,"dict_values(['French', 'Sango'])",622984.0,4829764,['Africa']
183,Burkina Faso,True,True,monday,Burkina Faso,['Burkina Faso'],dict_keys(['XOF']),['West African CFA franc'],['Fr'],+2,['26'],['Ouagadougou'],Africa,Western Africa,dict_values(['French']),272967.0,20903278,['Africa']
184,Eritrea,True,True,monday,State of Eritrea,"['إرتريا\u200e', 'Eritrea', 'ኤርትራ']",dict_keys(['ERN']),['Eritrean nakfa'],['Nfk'],+2,['91'],['Asmara'],Africa,Eastern Africa,"dict_values(['Arabic', 'English', 'Tigrinya'])",117600.0,5352000,['Africa']
185,Tanzania,True,True,monday,United Republic of Tanzania,"['Tanzania', 'Tanzania']",dict_keys(['TZS']),['Tanzanian shilling'],['Sh'],+2,['55'],['Dodoma'],Africa,Eastern Africa,"dict_values(['English', 'Swahili'])",945087.0,59734213,['Africa']
186,South Korea,True,True,monday,Republic of Korea,['한국'],dict_keys(['KRW']),['South Korean won'],['₩'],+8,['2'],['Seoul'],Asia,Eastern Asia,dict_values(['Korean']),100210.0,51780579,['Asia']
187,Jordan,True,True,sunday,Hashemite Kingdom of Jordan,['الأردن'],dict_keys(['JOD']),['Jordanian dinar'],['د.ا'],+9,['62'],['Amman'],Asia,Western Asia,dict_values(['Arabic']),89342.0,10203140,['Asia']
188,Mauritania,True,True,monday,Islamic Republic of Mauritania,['موريتانيا'],dict_keys(['MRU']),['Mauritanian ouguiya'],['UM'],+2,['22'],['Nouakchott'],Africa,Western Africa,dict_values(['Arabic']),1030700.0,4649660,['Africa']
189,Lithuania,True,True,monday,Republic of Lithuania,['Lietuva'],dict_keys(['EUR']),['Euro'],['€'],+3,['70'],['Vilnius'],Europe,Northern Europe,dict_values(['Lithuanian']),65300.0,2794700,['Europe']
190,United States Minor Outlying Islands,False,False,monday,United States Minor Outlying Islands,['United States Minor Outlying Islands'],dict_keys(['USD']),['United States dollar'],['$'],+2,['68'],['Washington DC'],Americas,North America,dict_values(['English']),34.2,300,['Oceania']
191,Slovakia,True,True,monday,Slovak Republic,['Slovensko'],dict_keys(['EUR']),['Euro'],['€'],+4,['21'],['Bratislava'],Europe,Central Europe,dict_values(['Slovak']),49037.0,5458827,['Europe']
192,Angola,True,True,monday,Republic of Angola,['Angola'],dict_keys(['AOA']),['Angolan kwanza'],['Kz'],+2,['44'],['Luanda'],Africa,Middle Africa,dict_values(['Portuguese']),1246700.0,32866268,['Africa']
193,Kazakhstan,True,True,monday,Republic of Kazakhstan,"['Қазақстан', 'Казахстан']",dict_keys(['KZT']),['Kazakhstani tenge'],['₸'],+7,"['6', '7']",['Nur-Sultan'],Asia,Central Asia,"dict_values(['Kazakh', 'Russian'])",2724900.0,18754440,['Asia']
194,Moldova,True,True,monday,Republic of Moldova,['Moldova'],dict_keys(['MDL']),['Moldovan leu'],['L'],+3,['73'],['Chișinău'],Europe,Eastern Europe,dict_values(['Romanian']),33846.0,2617820,['Europe']
195,Mali,True,True,monday,Republic of Mali,['Mali'],dict_keys(['XOF']),['West African CFA franc'],['Fr'],+2,['23'],['Bamako'],Africa,Western Africa,dict_values(['French']),1240192.0,20250834,['Africa']
196,Falkland Islands,False,False,monday,Falkland Islands,['Falkland Islands'],dict_keys(['FKP']),['Falkland Islands pound'],['£'],+5,['00'],['Stanley'],Americas,South America,dict_values(['English']),12173.0,2563,['South America']
197,Armenia,True,True,monday,Republic of Armenia,['Հայաստան'],dict_keys(['AMD']),['Armenian dram'],['֏'],+3,['74'],['Yerevan'],Asia,Western Asia,dict_values(['Armenian']),29743.0,2963234,['Asia']
198,Samoa,True,True,monday,Independent State of Samoa,"['Samoa', 'Sāmoa']",dict_keys(['WST']),['Samoan tālā'],['T'],+6,['85'],['Apia'],Oceania,Polynesia,"dict_values(['English', 'Samoan'])",2842.0,198410,['Oceania']
199,Jersey,False,False,monday,Bailiwick of Jersey,"['Jersey', 'Jersey', 'Jèrri']","dict_keys(['GBP', 'JEP'])","['British pound', 'Jersey pound']","['£', '£']",+4,['4'],['Saint Helier'],Europe,Northern Europe,"dict_values(['English', 'French', 'Jèrriais'])",116.0,100800,['Europe']
200,Japan,True,True,monday,Japan,['日本'],dict_keys(['JPY']),['Japanese yen'],['¥'],+8,['1'],['Tokyo'],Asia,Eastern Asia,dict_values(['Japanese']),377930.0,125836021,['Asia']
201,Bolivia,True,True,monday,Plurinational State of Bolivia,"['Wuliwya', 'Volívia', 'Buliwya', 'Bolivia']",dict_keys(['BOB']),['Bolivian boliviano'],['Bs.'],+5,['91'],['Sucre'],Americas,South America,"dict_values(['Aymara', 'Guaraní', 'Quechua', 'Spanish'])",1098581.0,11673029,['South America']
202,Chile,True,True,monday,Republic of Chile,['Chile'],dict_keys(['CLP']),['Chilean peso'],['$'],+5,['6'],['Santiago'],Americas,South America,dict_values(['Spanish']),756102.0,19116209,['South America']
203,United States,True,True,sunday,United States of America,['United States'],dict_keys(['USD']),['United States dollar'],['$'],+1,"['201', '202', '203', '205', '206', '207', '208', '209', '210', '212', '213', '214', '215', '216', '217', '218', '219', '220', '224', '225', '227', '228', '229', '231', '234', '239', '240', '248', '251', '252', '253', '254', '256', '260', '262', '267', '269', '270', '272', '274', '276', '281', '283', '301', '302', '303', '304', '305', '307', '308', '309', '310', '312', '313', '314', '315', '316', '317', '318', '319', '320', '321', '323', '325', '327', '330', '331', '334', '336', '337', '339', '346', '347', '351', '352', '360', '361', '364', '380', '385', '386', '401', '402', '404', '405', '406', '407', '408', '409', '410', '412', '413', '414', '415', '417', '419', '423', '424', '425', '430', '432', '434', '435', '440', '442', '443', '447', '458', '463', '464', '469', '470', '475', '478', '479', '480', '484', '501', '502', '503', '504', '505', '507', '508', '509', '510', '512', '513', '515', '516', '517', '518', '520', '530', '531', '534', '539', '540', '541', '551', '559', '561', '562', '563', '564', '567', '570', '571', '573', '574', '575', '580', '585', '586', '601', '602', '603', '605', '606', '607', '608', '609', '610', '612', '614', '615', '616', '617', '618', '619', '620', '623', '626', '628', '629', '630', '631', '636', '641', '646', '650', '651', '657', '660', '661', '662', '667', '669', '678', '681', '682', '701', '702', '703', '704', '706', '707', '708', '712', '713', '714', '715', '716', '717', '718', '719', '720', '724', '725', '727', '730', '731', '732', '734', '737', '740', '743', '747', '754', '757', '760', '762', '763', '765', '769', '770', '772', '773', '774', '775', '779', '781', '785', '786', '801', '802', '803', '804', '805', '806', '808', '810', '812', '813', '814', '815', '816', '817', '818', '828', '830', '831', '832', '843', '845', '847', '848', '850', '854', '856', '857', '858', '859', '860', '862', '863', '864', '865', '870', '872', '878', '901', '903', '904', '906', '907', '908', '909', '910', '912', '913', '914', '915', '916', '917', '918', '919', '920', '925', '928', '929', '930', '931', '934', '936', '937', '938', '940', '941', '947', '949', '951', '952', '954', '956', '959', '970', '971', '972', '973', '975', '978', '979', '980', '984', '985', '989']","['Washington, D.C.']",Americas,North America,dict_values(['English']),9372610.0,329484123,['North America']
204,Saint Vincent and the Grenadines,True,True,monday,Saint Vincent and the Grenadines,['Saint Vincent and the Grenadines'],dict_keys(['XCD']),['Eastern Caribbean dollar'],['$'],+1,['784'],['Kingstown'],Americas,Caribbean,dict_values(['English']),389.0,110947,['North America']
205,Bermuda,False,False,monday,Bermuda,['Bermuda'],dict_keys(['BMD']),['Bermudian dollar'],['$'],+1,['441'],['Hamilton'],Americas,North America,dict_values(['English']),54.0,63903,['North America']
206,Seychelles,True,True,monday,Republic of Seychelles,"['Sesel', 'Seychelles', 'Seychelles']",dict_keys(['SCR']),['Seychellois rupee'],['₨'],+2,['48'],['Victoria'],Africa,Eastern Africa,"dict_values(['Seychellois Creole', 'English', 'French'])",452.0,98462,['Africa']
207,British Indian Ocean Territory,False,False,monday,British Indian Ocean Territory,['British Indian Ocean Territory'],dict_keys(['USD']),['United States dollar'],['$'],+2,['46'],['Diego Garcia'],Africa,Eastern Africa,dict_values(['English']),60.0,3000,['Asia']
208,Guatemala,True,True,monday,Republic of Guatemala,['Guatemala'],dict_keys(['GTQ']),['Guatemalan quetzal'],['Q'],+5,['02'],['Guatemala City'],Americas,Central America,dict_values(['Spanish']),108889.0,16858333,['North America']
209,Ecuador,True,True,monday,Republic of Ecuador,['Ecuador'],dict_keys(['USD']),['United States dollar'],['$'],+5,['93'],['Quito'],Americas,South America,dict_values(['Spanish']),276841.0,17643060,['South America']
210,Martinique,False,False,monday,Martinique,['Martinique'],dict_keys(['EUR']),['Euro'],['€'],+5,['96'],['Fort-de-France'],Americas,Caribbean,dict_values(['French']),1128.0,378243,['North America']
211,Tajikistan,True,True,monday,Republic of Tajikistan,"['Таджикистан', 'Тоҷикистон']",dict_keys(['TJS']),['Tajikistani somoni'],['ЅМ'],+9,['92'],['Dushanbe'],Asia,Central Asia,"dict_values(['Russian', 'Tajik'])",143100.0,9537642,['Asia']
212,Malta,True,True,monday,Republic of Malta,"['Malta', 'Malta']",dict_keys(['EUR']),['Euro'],['€'],+3,['56'],['Valletta'],Europe,Southern Europe,"dict_values(['English', 'Maltese'])",316.0,525285,['Europe']
213,Gambia,True,True,monday,Republic of the Gambia,['Gambia'],dict_keys(['GMD']),['dalasi'],['D'],+2,['20'],['Banjul'],Africa,Western Africa,dict_values(['English']),10689.0,2416664,['Africa']
214,Nigeria,True,True,monday,Federal Republic of Nigeria,['Nigeria'],dict_keys(['NGN']),['Nigerian naira'],['₦'],+2,['34'],['Abuja'],Africa,Western Africa,dict_values(['English']),923768.0,206139587,['Africa']
215,Bahamas,True,True,monday,Commonwealth of the Bahamas,['Bahamas'],"dict_keys(['BSD', 'USD'])","['Bahamian dollar', 'United States dollar']","['$', '$']",+1,['242'],['Nassau'],Americas,Caribbean,dict_values(['English']),13943.0,393248,['North America']
216,Kosovo,,False,monday,Republic of Kosovo,"['Kosova', 'Косово']",dict_keys(['EUR']),['Euro'],['€'],+3,['83'],['Pristina'],Europe,Southeast Europe,"dict_values(['Albanian', 'Serbian'])",10908.0,1775378,['Europe']
217,Kuwait,True,True,sunday,State of Kuwait,['الكويت'],dict_keys(['KWD']),['Kuwaiti dinar'],['د.ك'],+9,['65'],['Kuwait City'],Asia,Western Asia,dict_values(['Arabic']),17818.0,4270563,['Asia']
218,Maldives,True,True,sunday,Republic of the Maldives,['ދިވެހިރާއްޖޭގެ'],dict_keys(['MVR']),['Maldivian rufiyaa'],['.ރ'],+9,['60'],['Malé'],Asia,Southern Asia,dict_values(['Maldivian']),300.0,540542,['Asia']
219,South Sudan,True,True,sunday,Republic of South Sudan,['South Sudan'],dict_keys(['SSP']),['South Sudanese pound'],['£'],+2,['11'],['Juba'],Africa,Middle Africa,dict_values(['English']),619745.0,11193729,['Africa']
220,Iran,True,True,saturday,Islamic Republic of Iran,['ایران'],dict_keys(['IRR']),['Iranian rial'],['﷼'],+9,['8'],['Tehran'],Asia,Southern Asia,dict_values(['Persian (Farsi)']),1648195.0,83992953,['Asia']
221,Albania,True,True,monday,Republic of Albania,['Shqipëria'],dict_keys(['ALL']),['Albanian lek'],['L'],+3,['55'],['Tirana'],Europe,Southeast Europe,dict_values(['Albanian']),28748.0,2837743,['Europe']
222,Brazil,True,True,monday,Federative Republic of Brazil,['Brasil'],dict_keys(['BRL']),['Brazilian real'],['R$'],+5,['5'],['Brasília'],Americas,South America,dict_values(['Portuguese']),8515767.0,212559409,['South America']
223,Serbia,True,True,monday,Republic of Serbia,['Србија'],dict_keys(['RSD']),['Serbian dinar'],['дин.'],+3,['81'],['Belgrade'],Europe,Southeast Europe,dict_values(['Serbian']),88361.0,6908224,['Europe']
224,Belize,True,True,monday,Belize,"['Belize', 'Belize', 'Belice']",dict_keys(['BZD']),['Belize dollar'],['$'],+5,['01'],['Belmopan'],Americas,Central America,"dict_values(['Belizean Creole', 'English', 'Spanish'])",22966.0,397621,['North America']
225,Myanmar,True,True,monday,Republic of the Union of Myanmar,['မြန်မာ'],dict_keys(['MMK']),['Burmese kyat'],['Ks'],+9,['5'],['Naypyidaw'],Asia,South-Eastern Asia,dict_values(['Burmese']),676578.0,54409794,['Asia']
226,Bhutan,True,True,monday,Kingdom of Bhutan,['འབྲུག་ཡུལ་'],"dict_keys(['BTN', 'INR'])","['Bhutanese ngultrum', 'Indian rupee']","['Nu.', '₹']",+9,['75'],['Thimphu'],Asia,Southern Asia,dict_values(['Dzongkha']),38394.0,771612,['Asia']
227,Venezuela,True,True,monday,Bolivarian Republic of Venezuela,['Venezuela'],dict_keys(['VES']),['Venezuelan bolívar soberano'],['Bs.S.'],+5,['8'],['Caracas'],Americas,South America,dict_values(['Spanish']),916445.0,28435943,['South America']
228,Liberia,True,True,monday,Republic of Liberia,['Liberia'],dict_keys(['LRD']),['Liberian dollar'],['$'],+2,['31'],['Monrovia'],Africa,Western Africa,dict_values(['English']),111369.0,5057677,['Africa']
229,Jamaica,True,True,monday,Jamaica,"['Jamaica', 'Jamaica']",dict_keys(['JMD']),['Jamaican dollar'],['$'],+1,['876'],['Kingston'],Americas,Caribbean,"dict_values(['English', 'Jamaican Patois'])",10991.0,2961161,['North America']
230,Poland,True,True,monday,Republic of Poland,['Polska'],dict_keys(['PLN']),['Polish złoty'],['zł'],+4,['8'],['Warsaw'],Europe,Central Europe,dict_values(['Polish']),312679.0,37950802,['Europe']
231,Cayman Islands,False,False,monday,Cayman Islands,['Cayman Islands'],dict_keys(['KYD']),['Cayman Islands dollar'],['$'],+1,['345'],['George Town'],Americas,Caribbean,dict_values(['English']),264.0,65720,['North America']
232,Brunei,True,True,monday,"Nation of Brunei, Abode of Peace",['Negara Brunei Darussalam'],"dict_keys(['BND', 'SGD'])","['Brunei dollar', 'Singapore dollar']","['$', '$']",+6,['73'],['Bandar Seri Begawan'],Asia,South-Eastern Asia,dict_values(['Malay']),5765.0,437483,['Asia']
233,Comoros,True,True,monday,Union of the Comoros,"['القمر\u200e', 'Comores', 'Komori']",dict_keys(['KMF']),['Comorian franc'],['Fr'],+2,['69'],['Moroni'],Africa,Eastern Africa,"dict_values(['Arabic', 'French', 'Comorian'])",1862.0,869595,['Africa']
234,Guam,False,False,monday,Guam,"['Guåhån', 'Guam', 'Guam']",dict_keys(['USD']),['United States dollar'],['$'],+1,['671'],['Hagåtña'],Oceania,Micronesia,"dict_values(['Chamorro', 'English', 'Spanish'])",549.0,168783,['Oceania']
235,Tonga,True,True,monday,Kingdom of Tonga,"['Tonga', 'Tonga']",dict_keys(['TOP']),['Tongan paʻanga'],['T$'],+6,['76'],"[""Nuku'alofa""]",Oceania,Polynesia,"dict_values(['English', 'Tongan'])",747.0,105697,['Oceania']
236,Kiribati,True,True,monday,Independent and Sovereign Republic of Kiribati,"['Kiribati', 'Kiribati']","dict_keys(['AUD', 'KID'])","['Australian dollar', 'Kiribati dollar']","['$', '$']",+6,['86'],['South Tarawa'],Oceania,Micronesia,"dict_values(['English', 'Gilbertese'])",811.0,119446,['Oceania']
237,Ghana,True,True,monday,Republic of Ghana,['Ghana'],dict_keys(['GHS']),['Ghanaian cedi'],['₵'],+2,['33'],['Accra'],Africa,Western Africa,dict_values(['English']),238533.0,31072945,['Africa']
238,Chad,True,True,monday,Republic of Chad,"['تشاد\u200e', 'Tchad']",dict_keys(['XAF']),['Central African CFA franc'],['Fr'],+2,['35'],"[""N'Djamena""]",Africa,Middle Africa,"dict_values(['Arabic', 'French'])",1284000.0,16425859,['Africa']
239,Zimbabwe,True,True,monday,Republic of Zimbabwe,"['Zimbabwe', 'Zimbabwe', 'Zimbabwe', 'Zimbabwe', 'Zimbabwe', 'Zimbabwe', 'Zimbabwe', 'Zimbabwe', 'Zimbabwe', 'Zimbabwe', 'Zimbabwe', 'Zimbabwe', 'Zimbabwe', 'Zimbabwe', 'Zimbabwe']",dict_keys(['ZWL']),['Zimbabwean dollar'],['$'],+2,['63'],['Harare'],Africa,Southern Africa,"dict_values(['Chibarwe', 'English', 'Kalanga', 'Khoisan', 'Ndau', 'Northern Ndebele', 'Chewa', 'Shona', 'Sotho', 'Tonga', 'Tswana', 'Tsonga', 'Venda', 'Xhosa', 'Zimbabwean Sign Language'])",390757.0,14862927,['Africa']
240,Saint Martin,False,False,monday,Saint Martin,['Saint-Martin'],dict_keys(['EUR']),['Euro'],['€'],+5,['90'],['Marigot'],Americas,Caribbean,dict_values(['French']),53.0,38659,['North America']
241,Mongolia,True,True,monday,Mongolia,['Монгол улс'],dict_keys(['MNT']),['Mongolian tögrög'],['₮'],+9,['76'],['Ulan Bator'],Asia,Eastern Asia,dict_values(['Mongolian']),1564110.0,3278292,['Asia']
242,Portugal,True,True,monday,Portuguese Republic,['Portugal'],dict_keys(['EUR']),['Euro'],['€'],+3,['51'],['Lisbon'],Europe,Southern Europe,dict_values(['Portuguese']),92090.0,10305564,['Europe']
243,American Samoa,False,False,monday,American Samoa,"['American Samoa', 'Sāmoa Amelika']",dict_keys(['USD']),['United States dollar'],['$'],+1,['684'],['Pago Pago'],Oceania,Polynesia,"dict_values(['English', 'Samoan'])",199.0,55197,['Oceania']
244,Republic of the Congo,True,True,monday,Republic of the Congo,"['République du Congo', 'Repubilika ya Kongo', 'Republíki ya Kongó']",dict_keys(['XAF']),['Central African CFA franc'],['Fr'],+2,['42'],['Brazzaville'],Africa,Middle Africa,"dict_values(['French', 'Kikongo', 'Lingala'])",342000.0,5657000,['Africa']
245,Belgium,True,True,monday,Kingdom of Belgium,"['Belgien', 'Belgique', 'België']",dict_keys(['EUR']),['Euro'],['€'],+3,['2'],['Brussels'],Europe,Western Europe,"dict_values(['German', 'French', 'Dutch'])",30528.0,11555997,['Europe']
246,Israel,True,True,sunday,State of Israel,"['إسرائيل', 'ישראל']",dict_keys(['ILS']),['Israeli new shekel'],['₪'],+9,['72'],['Jerusalem'],Asia,Western Asia,"dict_values(['Arabic', 'Hebrew'])",20770.0,9216900,['Asia']
247,New Zealand,True,True,monday,New Zealand,"['New Zealand', 'Aotearoa', 'New Zealand']",dict_keys(['NZD']),['New Zealand dollar'],['$'],+6,['4'],['Wellington'],Oceania,Australia and New Zealand,"dict_values(['English', 'Māori', 'New Zealand Sign Language'])",270467.0,5084300,['Oceania']
248,Nicaragua,True,True,monday,Republic of Nicaragua,['Nicaragua'],dict_keys(['NIO']),['Nicaraguan córdoba'],['C$'],+5,['05'],['Managua'],Americas,Central America,dict_values(['Spanish']),130373.0,6624554,['North America']
249,Anguilla,False,False,monday,Anguilla,['Anguilla'],dict_keys(['XCD']),['Eastern Caribbean dollar'],['$'],+1,['264'],['The Valley'],Americas,Caribbean,dict_values(['English']),91.0,13452,['North America']
